{"trade_uid":{"0":"1","1":"2","2":"3","3":"4","4":"5","5":"6","6":"7","7":"8","8":"9","9":"10","10":"11","11":"12","12":"13","13":"14"},"risk_reward_ratio":{"0":2.0,"1":0.6666666667,"2":10.0,"3":10.0,"4":3.0,"5":3.9431818182,"6":3.3235294118,"7":7.9272727273,"8":8.8113207547,"9":2.9864864865,"10":3.175,"11":5.125,"12":4.9863013699,"13":6.3387096774},"type_2_d":{"0":false,"1":false,"2":false,"3":false,"4":true,"5":false,"6":false,"7":false,"8":false,"9":false,"10":false,"11":false,"12":true,"13":false},"sl_price":{"0":1.095,"1":1.185,"2":1.297,"3":1.297,"4":1.1018,"5":1.1125,"6":1.1256,"7":1.1411,"8":1.1328,"9":1.1425,"10":1.1198,"11":1.1048,"12":1.1259,"13":1.1376},"type_1_d":{"0":false,"1":false,"2":false,"3":false,"4":true,"5":false,"6":false,"7":false,"8":false,"9":false,"10":false,"11":false,"12":false,"13":false},"type_1_w":{"0":false,"1":false,"2":false,"3":false,"4":false,"5":false,"6":false,"7":false,"8":false,"9":false,"10":false,"11":true,"12":false,"13":true},"entry_time":{"0":1736542058336,"1":1736542058336,"2":1735293601000,"3":1735120800000,"4":1736542058336,"5":1736542058336,"6":1736542058337,"7":1736542058337,"8":1736542058337,"9":1736542058337,"10":1736542058337,"11":1736542058337,"12":1736542058337,"13":1736542058337},"type_1_h4":{"0":false,"1":false,"2":false,"3":false,"4":false,"5":false,"6":true,"7":false,"8":false,"9":true,"10":false,"11":false,"12":false,"13":false},"management_strategy":{"0":"no_management","1":"no_management","2":"no_management","3":"strategy_2","4":"be_after_1r","5":"no_management","6":"be_after_push","7":"be_after_push","8":"no_management","9":"be_after_1r","10":"be_after_push","11":"be_after_1r","12":"no_management","13":"be_after_push"},"type_2_h4":{"0":false,"1":false,"2":false,"3":false,"4":false,"5":false,"6":false,"7":false,"8":true,"9":false,"10":false,"11":false,"12":false,"13":true},"type_3_h4":{"0":false,"1":false,"2":false,"3":false,"4":false,"5":false,"6":false,"7":false,"8":false,"9":false,"10":false,"11":false,"12":false,"13":false},"type_2_m15":{"0":false,"1":false,"2":false,"3":false,"4":false,"5":true,"6":false,"7":false,"8":false,"9":false,"10":false,"11":false,"12":false,"13":false},"potential_risk_reward":{"0":null,"1":null,"2":null,"3":5.0,"4":3.3979591837,"5":1.5909090909,"6":6.5588235294,"7":5.4,"8":5.2641509434,"9":3.1486486486,"10":1.4125,"11":2.3863636364,"12":3.1506849315,"13":6.7419354839},"tp_price":{"0":1.11,"1":1.21,"2":1.33,"3":1.33,"4":1.141,"5":1.156,"6":1.155,"7":1.1902,"8":1.1848,"9":1.172,"10":1.1532,"11":1.1587,"12":1.1696,"13":1.1831},"type_1_m15":{"0":false,"1":false,"2":false,"3":false,"4":false,"5":false,"6":false,"7":false,"8":false,"9":false,"10":false,"11":false,"12":false,"13":false},"type_2_w":{"0":false,"1":false,"2":false,"3":false,"4":false,"5":false,"6":true,"7":false,"8":false,"9":false,"10":false,"11":false,"12":false,"13":false},"type_3_d":{"0":false,"1":false,"2":false,"3":false,"4":false,"5":false,"6":false,"7":false,"8":false,"9":false,"10":false,"11":false,"12":false,"13":false},"initial_return":{"0":0.01,"1":0.01,"2":0.03,"3":0.03,"4":0.0294,"5":0.0347,"6":0.0226,"7":0.0436,"8":0.0467,"9":0.0221,"10":0.0254,"11":0.0451,"12":0.0364,"13":0.0393},"SL_distance":{"0":0.005,"1":0.015,"2":0.5,"3":0.5,"4":0.0098,"5":0.0088,"6":0.0068,"7":0.0055,"8":0.0053,"9":0.0074,"10":0.008,"11":0.0088,"12":0.0073,"13":0.0062},"type_2_m1":{"0":false,"1":false,"2":false,"3":false,"4":false,"5":false,"6":false,"7":false,"8":false,"9":false,"10":false,"11":false,"12":false,"13":false},"type_2_M":{"0":false,"1":false,"2":false,"3":false,"4":false,"5":false,"6":false,"7":true,"8":false,"9":true,"10":false,"11":false,"12":false,"13":false},"close_price":{"0":null,"1":1.1855,"2":null,"3":1.305,"4":1.1248,"5":null,"6":1.1206,"7":1.158,"8":null,"9":null,"10":1.1194,"11":1.1273,"12":1.1499,"13":null},"initial_risk_reward":{"0":2.0,"1":0.6666666667,"2":10.0,"3":10.0,"4":3.0,"5":3.9431818182,"6":3.3235294118,"7":7.9272727273,"8":8.8113207547,"9":2.9864864865,"10":3.175,"11":5.125,"12":4.9863013699,"13":6.3387096774},"type_1_m5":{"0":false,"1":false,"2":false,"3":false,"4":false,"5":false,"6":false,"7":false,"8":false,"9":false,"10":false,"11":false,"12":false,"13":false},"htf_poi_ltf_confirmation":{"0":false,"1":true,"2":false,"3":false,"4":false,"5":true,"6":false,"7":true,"8":true,"9":true,"10":true,"11":false,"12":false,"13":true},"side":{"0":"long","1":"long","2":"long","3":"long","4":"long","5":"long","6":"long","7":"long","8":"long","9":"long","10":"long","11":"long","12":"long","13":"long"},"type_3_m15":{"0":true,"1":false,"2":false,"3":false,"4":false,"5":false,"6":false,"7":false,"8":false,"9":false,"10":false,"11":false,"12":false,"13":false},"type_1_m1":{"0":true,"1":false,"2":false,"3":false,"4":false,"5":false,"6":false,"7":true,"8":false,"9":false,"10":false,"11":false,"12":false,"13":false},"type_1_m30":{"0":false,"1":false,"2":false,"3":false,"4":false,"5":false,"6":false,"7":false,"8":true,"9":false,"10":false,"11":false,"12":true,"13":false},"type_3_m5":{"0":false,"1":false,"2":false,"3":false,"4":false,"5":false,"6":false,"7":false,"8":false,"9":false,"10":false,"11":false,"12":false,"13":false},"type_3_h1":{"0":false,"1":false,"2":false,"3":false,"4":false,"5":false,"6":false,"7":false,"8":false,"9":false,"10":false,"11":false,"12":false,"13":false},"numerical_confidence":{"0":3.0,"1":2.0,"2":null,"3":4.0,"4":3.0,"5":3.0,"6":4.0,"7":5.0,"8":5.0,"9":5.0,"10":2.0,"11":5.0,"12":1.0,"13":3.0},"entry_price":{"0":1.1,"1":1.2,"2":1.3,"3":1.3,"4":1.1116,"5":1.1213,"6":1.1324,"7":1.1466,"8":1.1381,"9":1.1499,"10":1.1278,"11":1.1136,"12":1.1332,"13":1.1438},"type_1_h1":{"0":false,"1":false,"2":false,"3":false,"4":false,"5":false,"6":false,"7":false,"8":false,"9":false,"10":false,"11":false,"12":false,"13":false},"outcome":{"0":null,"1":"loss","2":null,"3":"win","4":"win","5":null,"6":"loss","7":"win","8":null,"9":null,"10":"loss","11":"win","12":"win","13":null},"type_2_h1":{"0":false,"1":true,"2":false,"3":false,"4":false,"5":false,"6":false,"7":false,"8":false,"9":false,"10":true,"11":false,"12":false,"13":false},"type_3_m1":{"0":false,"1":false,"2":false,"3":false,"4":false,"5":false,"6":false,"7":false,"8":false,"9":false,"10":false,"11":false,"12":false,"13":false},"type_1_M":{"0":false,"1":false,"2":false,"3":false,"4":false,"5":true,"6":false,"7":false,"8":false,"9":false,"10":true,"11":false,"12":false,"13":false},"type_3_m30":{"0":false,"1":false,"2":false,"3":false,"4":false,"5":false,"6":false,"7":false,"8":false,"9":false,"10":false,"11":false,"12":false,"13":false},"type_3_w":{"0":false,"1":false,"2":false,"3":false,"4":false,"5":false,"6":false,"7":false,"8":false,"9":false,"10":false,"11":false,"12":false,"13":false},"potential_return":{"0":null,"1":null,"2":null,"3":0.015,"4":0.0333,"5":0.014,"6":0.0446,"7":0.0297,"8":0.0279,"9":0.0233,"10":0.0113,"11":0.021,"12":0.023,"13":0.0418},"type_3_M":{"0":false,"1":false,"2":false,"3":false,"4":false,"5":false,"6":false,"7":false,"8":false,"9":false,"10":false,"11":false,"12":false,"13":false},"type_2_m5":{"0":false,"1":false,"2":false,"3":false,"4":false,"5":false,"6":false,"7":false,"8":false,"9":false,"10":false,"11":true,"12":false,"13":false},"return":{"0":null,"1":-0.0145,"2":null,"3":0.005,"4":0.0132,"5":null,"6":-0.0118,"7":0.0114,"8":null,"9":null,"10":-0.0084,"11":0.0137,"12":0.0167,"13":null},"TP_distance":{"0":0.01,"1":0.01,"2":0.03,"3":0.03,"4":0.0294,"5":0.0347,"6":0.0226,"7":0.0436,"8":0.0467,"9":0.0221,"10":0.0254,"11":0.0451,"12":0.0364,"13":0.0393},"potential_price":{"0":null,"1":null,"2":null,"3":1.315,"4":1.1449,"5":1.1353,"6":1.177,"7":1.1763,"8":1.166,"9":1.1732,"10":1.1391,"11":1.1346,"12":1.1562,"13":1.1856},"session":{"0":"tokyo","1":"tokyo","2":"london","3":"london","4":"tokyo","5":"tokyo","6":"tokyo","7":"tokyo","8":"tokyo","9":"tokyo","10":"tokyo","11":"tokyo","12":"tokyo","13":"tokyo"},"type_2_m30":{"0":false,"1":false,"2":false,"3":false,"4":false,"5":false,"6":false,"7":false,